Username,Message,Timestamp
@r_ohit.21,thank you sir ,2026-09-03 01:29:03
@rammurmu199,thank you sir,2026-09-03 01:29:03
@sneharani2023,,2026-09-03 01:29:03
@rajeshkumar-tw4wv,thank you sir ji ,2026-09-03 01:29:03
@RishiSikder,jii,2026-09-03 01:29:03
@pritha3769,,2026-09-03 01:29:03
@bindudas5237,,2026-09-03 01:29:03
@ragininirmal3308,thank you,2026-09-03 01:29:03
@swetnisha9306,tqq sir,2026-09-03 01:29:03
@Navneet_Kaur014,,2026-09-03 01:29:03
@kiranmahli8990,thank you sir ,2026-09-03 01:29:03
@sharanreddy123,kah milita sir,2026-09-03 01:29:03
@KHUSHISHARMA-o4z,,2026-09-03 01:29:03
@rishikaraj6439,bina brush kiyekhaa liye,2026-09-03 01:29:03
@priyankayadav1821,Thank you sir,2026-09-03 01:29:03
@mashnajisurewad,Titan legacy live in,2026-09-03 01:29:03
@sagarchauhan-q3x,36,2026-09-03 01:29:03
@BrainExe9,,2026-09-03 01:29:03
@AmanPiparsaniyan,THANKU SO MUCH SIRR,2026-09-03 01:29:03
@KomalGoswami25,Thank you sir ,2026-09-03 01:29:03
@shravani4782,thanks you sir,2026-09-03 01:29:03
@satishpandey9991,3,2026-09-03 01:29:03
@bankerpo-d4i,okkk,2026-09-03 01:29:03
@himanshinigam6203,,2026-09-03 01:29:03
@tejaswaninarula856,,2026-09-03 01:29:03
@yogeshsakhare5935,pdf kaha hai sir,2026-09-03 01:29:03
@chetan.24-z4j,thank you sir,2026-09-03 01:29:03
@rajeshkumar-tw4wv,bye sir ji ,2026-09-03 01:29:03
@RitayuKumar,ji sir ji,2026-09-03 01:29:03
@RishabhPoddar-c9i,Thank u navneet sir,2026-09-03 01:29:03
@RenukaOdeyar-r1p,YES SIR,2026-09-03 01:29:03
@TheSmashArena,SIR PDF ME THO ONLY 20 QUE HAI,2026-09-03 01:29:03
@ajaydas7581,pdf kaha milega,2026-09-03 01:29:03
@SatyabhamaJaiswal-w4q,,2026-09-03 01:29:03
@MahefizaKhan,36,2026-09-03 01:29:03
@KhushiKasaudhan-c1d,thanku sir,2026-09-03 01:29:03
@mashnajisurewad,Titan legacy live class kab,2026-09-03 01:29:03
@aadityaraj8158,thanks to u sir,2026-09-03 01:29:03
@KaushikiGupta-s9f,bye guys,2026-09-03 01:29:03
@kritisharma1377,where,2026-09-03 01:29:03
@Ak-tx7lb,TQ,2026-09-03 01:29:03
@YashrajSatyarthi_01,tq sir,2026-09-03 01:29:03
@Sahil-b4w2r,,2026-09-03 01:29:03
@IGood_Luck_1111,jai hind sir,2026-09-03 01:29:03
@Aditi-hp9vt,thank u sir,2026-09-03 01:29:03
@ankitakumari-d9y,408,2026-09-03 01:29:03
@SitaChapeyar-r5e,thank you sir,2026-09-03 01:29:03
@ragininirmal3308,,2026-09-03 01:29:03
@Designerkashishsingh122,thankuuu sirrrr,2026-09-03 01:29:03
@AshishDongre-t4o,18,2026-09-03 01:29:03
@bindudas5237,thank you sir,2026-09-03 01:29:03
@banker_fazal,,2026-09-03 01:29:03
@ajaydas7581,Sir pdf,2026-09-03 01:29:03
@saritamehendiarts.mehandid9572,thank you sir,2026-09-03 01:29:03
@jupitarabordoloi2044,bie bie,2026-09-03 01:29:03
@TheSmashArena,ONLY 20 QUE H,2026-09-03 01:29:03
@ragininirmal3308,yes sir,2026-09-03 01:29:03
@PankajLakhara-p9t,,2026-09-03 01:29:03
@Designerkashishsingh122,thankuuu sirrr,2026-09-03 01:29:03
@BinduGond-c1p,rrb po ki test kaha se de ham please help me ,2026-09-03 01:29:03
@riyagorai3676,,2026-09-03 01:29:03
@AshishDongre-t4o,0.8,2026-09-03 01:29:03
@Ak-tx7lb,,2026-09-03 01:29:03
@shravani4782,are guys mains exam kisa kisa hai sbi po k,2026-09-03 01:29:03
@Meenakshi-s2e,,2026-09-03 01:29:03
@DiptimayeeNaik-dp8rj,Thank you sir ,2026-09-03 01:29:03
@Sonasona-h8z-q3,Thank you sir,2026-09-03 01:29:03
@BinduGond-c1p,rrb po ki test kaha se de ham,2026-09-03 01:29:03
@ShhHh-p1o,nhi,2026-09-03 01:29:08
@ManishaDey009,nhi mila,2026-09-03 01:29:08
@niluniharika711,only 20 question,2026-09-03 01:29:08
@Designerkashishsingh122,suno sirrr,2026-09-03 01:29:13
@Honeykrish1817,thanku sir,2026-09-03 01:29:13
@ortonystark1803,pdf kaha milti hai,2026-09-03 01:29:13
@ShwetaSingh-mv3vq,Sir muje aashirwad nhi denge? ,2026-09-03 01:29:13
@MBFFS,hlo sir kya book Hindi m bhi hai,2026-09-03 01:29:13
@Kishori_kripa_kevlam,thank you sirr ,2026-09-03 01:29:13
@ritutanti1437,kaha hai,2026-09-03 01:29:13
@SrishtiUmar-c6i,sir pdf,2026-09-03 01:29:18
@SrishtiUmar-c6i,do,2026-09-03 01:29:18
@ankitakumari-d9y,292,2026-09-03 01:29:24
@satishpandey9991,203.75,2026-09-03 01:29:24
@AyushmatiVerma-y6y,bindu test prime lelo adda 247 ka,2026-09-03 01:29:24
@MahefizaKhan,12276,2026-09-03 01:29:24
@Kishori_kripa_kevlam,bye everyone ,2026-09-03 01:29:24
@SameerSameer-s6s,jay hind sir,2026-09-03 01:29:29
@simuakduofficial,mujhe to mila hi nhi,2026-09-03 01:29:29
@priyankayadav1821,Thank you so much sir ,2026-09-03 01:29:34
@SrishtiUmar-c6i,kanha hai pdf,2026-09-03 01:29:34
@ankitakumari-d9y,30,2026-09-03 01:29:39
@GovindKumarNayak-m3o,232659,2026-09-03 01:29:39
@sanjanaswaraj5529,thanku sir,2026-09-03 01:29:39
@ortonystark1803,are koi pdf btao,2026-09-03 01:29:39
@ashishverma8779,aa gaya sir,2026-09-03 01:29:44
@shravani4782,byy all,2026-09-03 01:29:44
@SrishtiUmar-c6i,nahi mila,2026-09-03 01:29:44
@MahefizaKhan,12348,2026-09-03 01:29:44
@indunathmishra7772,mujha nhi mila,2026-09-03 01:29:44
@satishpandey9991,113.25,2026-09-03 01:29:49
@ambikachouhan1892,12400,2026-09-03 01:29:49
@ViralPodcastbyVartika,you missed,2026-09-03 01:29:54
@SrishtiUmar-c6i,nahi mila sir,2026-09-03 01:29:54
@MeenakshiNara-m8x,,2026-09-03 01:29:59
@ShhHh-p1o,kaha milta h pdf,2026-09-03 01:29:59
@ortonystark1803,link do jara,2026-09-03 01:29:59
@ramakrishn-INS,408,2026-09-03 01:29:59
@indunathmishra7772,koi to batao ,2026-09-03 01:29:59
@ritutanti1437,mujhe bhi nhi mila,2026-09-03 01:30:06
@SrishtiUmar-c6i,nahi,2026-09-03 01:30:06
@ajaydas7581,pdf,2026-09-03 01:30:06
@SrishtiUmar-c6i,mila,2026-09-03 01:30:06
@BinduGond-c1p,thank,2026-09-03 01:30:16
@Kishori_kripa_kevlam,mil gya sirr thank you so much ,2026-09-03 01:30:21
@ankitakumari-d9y,202,2026-09-03 01:30:21
@ViralPodcastbyVartika,chats k upper side jao,2026-09-03 01:30:21
@HinuHeena,pdf kha hai,2026-09-03 01:30:27
@BinduGond-c1p,usme rrb po ki test milega,2026-09-03 01:30:32
@SrishtiUmar-c6i,are sir,2026-09-03 01:30:32
@hiteshsinhgohil3243,Thank you sir,2026-09-03 01:30:37
@shravani4782,abi to Dia te sir ne,2026-09-03 01:30:42
@SrishtiUmar-c6i,ek bar comment dekhi liya kero,2026-09-03 01:30:42
@Meenakshi-s2e,link aata ha blue color ka....ab chla gya,2026-09-03 01:30:42
@SrishtiUmar-c6i,pdf kanha hai,2026-09-03 01:30:47
@ankitakumari-d9y,7221,2026-09-03 01:30:52
@MahefizaKhan,24738,2026-09-03 01:30:52
@ramakrishn-INS,30,2026-09-03 01:30:57
@Meenakshi-s2e,ha comments main hi hota h pdff,2026-09-03 01:31:02
@satishpandey9991,360,2026-09-03 01:31:02
